{"cameraMode":{"drawMode":0,"name":"Shaded","section":"Shading Mode"},"sceneLighting":true,"audioPlay":false,"sceneViewState":{"showFog":true,"showMaterialUpdate":false,"showSkybox":true,"showFlares":true,"showImageEffects":true,"showParticleSystems":true},"in2DMode":false,"pivot":{"x":1.3399937152862549,"y":-0.03957065939903259,"z":-4.713408946990967},"rotation":{"x":-0.004216446075588465,"y":0.9800027012825012,"z":-0.020886849611997606,"w":-0.19784007966518403},"size":6.0319952964782719,"orthographic":false}